Nom du site;Adresse;Code postal;Code Site;Nombre de bornes;Etat du site;geo_shape;geo_point_2d
MAISON DE LA VIE ASSOCIATIVE ET CITOYENNE  1;5B RUE DU LOUVRE;75001;PW0148;2;Opérationnel;"{""type"": ""Point"", ""coordinates"": [2.34115675500317, 48.8618833615023]}";48.8618833615,2.341156755
MAIRIE DU 1 ER;4 PLACE DU LOUVRE;75001;PW0127;2;Opérationnel;"{""type"": ""Point"", ""coordinates"": [2.341064476164004, 48.860083526572126]}";48.8600835266,2.34106447616
JARDIN NELSON MANDELA;32 RUE BERGER;75001;PW0110;2;Opérationnel;"{""type"": ""Point"", ""coordinates"": [2.34630372400731, 48.86146942215447]}";48.8614694222,2.34630372401
MEDIATHEQUE MUSICALE DE PARIS (HALLES);8 PORTE SAINT EUSTACHE;75001;PW0020;2;Opérationnel;"{""type"": ""Point"", ""coordinates"": [2.345916105005208, 48.862650133028886]}";48.862650133,2.34591610501
PREFOURRIERE LOUVRE;1 PLACE DU LOUVRE;75001;PW0227;1;Opérationnel;"{""type"": ""Point"", ""coordinates"": [2.340738421116781, 48.859324822757436]}";48.8593248228,2.34073842112
BERGES RIVE DROITE - PONT NEUF;BERGE DE SEINE RIVE DROITE - SORTIE TUNNEL TUILERIETUILERIES;75001;PW0149;1;Opérationnel;"{""type"": ""Point"", ""coordinates"": [2.335822356054447, 48.85937332543368]}";48.8593733254,2.33582235605
MEDIATHEQUE LA CANOPEE LA FONTAINE;10 PASSAGE DE LA CANOPEE;75001;PW0143;5;Opérationnel;"{""type"": ""Point"", ""coordinates"": [2.347643903283826, 48.86181948548023]}";48.8618194855,2.34764390328
BERGES RIVE DROITE - PONT AU CHANGE;BERGE DE SEINE RIVE DROITE - SORTIE CHATELET;75001;PW0193;1;Opérationnel;"{""type"": ""Point"", ""coordinates"": [2.347019924471973, 48.85742785373788]}";48.8574278537,2.34701992447
BIBLIOTHEQUE DU CINEMA FRANCOIS TRUFFAUT;14 RUE DES PROUVAIRES;75001;PW0112;1;Opérationnel;"{""type"": ""Point"", ""coordinates"": [2.344154109508663, 48.86148891058231]}";48.8614889106,2.34415410951
BERGES RIVE DROITE - PONT AU CHANGE;BERGE DE SEINE RIVE DROITE - VIA FERRATA;75001;PW0158;1;Opérationnel;"{""type"": ""Point"", ""coordinates"": [2.346563042652777, 48.857512783868636]}";48.8575127839,2.34656304265
MAIRIE DU 2 EME;8 RUE DE LA BANQUE;75002;PW0034;1;Opérationnel;"{""type"": ""Point"", ""coordinates"": [2.340450799891371, 48.86683452754676]}";48.8668345275,2.34045079989
MAISON DE LA VIE ASSOCIATIVE ET CITOYENNE 2;23 RUE GRENETA;75002;PW0036;1;Opérationnel;"{""type"": ""Point"", ""coordinates"": [2.35054940319118, 48.86508140493411]}";48.8650814049,2.35054940319
CENTRE SPORTIF JEAN DAME;17 RUE LEOPOLD BELLAN;75002;PW0082;1;Opérationnel;"{""type"": ""Point"", ""coordinates"": [2.345506505320458, 48.86656834849909]}";48.8665683485,2.34550650532
BIBLIOTHEQUE CHARLOTTE DELBO;2 PASSAGE DES PETITS PERES;75002;PW0134;2;Opérationnel;"{""type"": ""Point"", ""coordinates"": [2.340434491489431, 48.866507580054055]}";48.8665075801,2.34043449149
MAISON DE LA VIE ASSOCIATIVE ET CITOYENNE 3/4;3 RUE EUGENE SPULLER;75003;PW0019-1;1;Opérationnel;"{""type"": ""Point"", ""coordinates"": [2.362186544891376, 48.86402504205692]}";48.8640250421,2.36218654489
MAIRIE DU 3 EME;2 RUE EUGENE SPULLER;75003;PW0019;2;Opérationnel;"{""type"": ""Point"", ""coordinates"": [2.361531961565591, 48.8639920263]}";48.8639920263,2.36153196157
BOURSE DU TRAVAIL ANNEXE TURBIGO;67 RUE TURBIGO;75003;PW0219;1;Opérationnel;"{""type"": ""Point"", ""coordinates"": [2.358004775693508, 48.86601657813311]}";48.8660165781,2.35800477569
BIBLIOTHEQUE MARGUERITE AUDOUX;8-12 RUE PORTEFOIN;75003;PW0044;2;Opérationnel;"{""type"": ""Point"", ""coordinates"": [2.359846256600825, 48.86376892355013]}";48.8637689236,2.3598462566
BOURSE DU TRAVAIL ANNEXE CHARLOT;85 RUE CHARLOT;75003;PW0220;1;Opérationnel;"{""type"": ""Point"", ""coordinates"": [2.365108017746905, 48.86514825320897]}";48.8651482532,2.36510801775
MAISON DES INITIATIVES ETUDIANTES;50 RUE DES TOURNELLES;75003;PW0070;8;Opérationnel;"{""type"": ""Point"", ""coordinates"": [2.36739182012952, 48.856221957138]}";48.8562219571,2.36739182013
SQUARE JEAN XXIII - 2;RUE DU CLOITRE NOTRE DAME;75004;PW0067;1;Opérationnel;"{""type"": ""Point"", ""coordinates"": [2.35079596200768, 48.852501475068166]}";48.8525014751,2.35079596201
HOTEL DE VILLE 3EME;4 PLACE DE L HOTEL DE VILLE;75004;PW0122-4;3;Opérationnel;"{""type"": ""Point"", ""coordinates"": [2.352901785985004, 48.85632801355686]}";48.8563280136,2.35290178599
HOTEL DE VILLE 2EME;4 PLACE DE L HOTEL DE VILLE;75004;PW0122-3;6;Opérationnel;"{""type"": ""Point"", ""coordinates"": [2.352685785891044, 48.85602609046494]}";48.8560260905,2.35268578589
SQUARE LOUIS XIII;30 PLACE DES VOSGES;75004;PW0163;1;Opérationnel;"{""type"": ""Point"", ""coordinates"": [2.365658403131317, 48.855630783910044]}";48.8556307839,2.36565840313
MAISON DES ACTEURS DU PARIS DURABLE;21 RUE BLANCS MANTEAUX;75004;PW0192;3;Opérationnel;"{""type"": ""Point"", ""coordinates"": [2.356872775538012, 48.85904965674071]}";48.8590496567,2.35687277554
HOTEL DE VILLE SOUS SOL;4 PLACE DE L'HOTEL DE VILLE;75004;PW0122;3;Opérationnel;"{""type"": ""Point"", ""coordinates"": [2.352648313015422, 48.856763442143226]}";48.8567634421,2.35264831302
JARDIN FREDERICO GARCIA LORCA - SQUARE HDV;QUAI DE L'HOTEL DE VILLE;75004;PW0191;1;Opérationnel;"{""type"": ""Point"", ""coordinates"": [2.353240934008803, 48.85471050547104]}";48.8547105055,2.35324093401
LES BLANCS MANTEAUX;48 RUE VIEILLE DU TEMPLE;75004;PW0121;2;Opérationnel;"{""type"": ""Point"", ""coordinates"": [2.358392357177399, 48.858261325151034]}";48.8582613252,2.35839235718
BIBLIOTHEQUE FORNEY;1 RUE DU FIGUIER;75004;PW0050;2;Opérationnel;"{""type"": ""Point"", ""coordinates"": [2.359179237268959, 48.853423533989464]}";48.853423534,2.35917923727
HOTEL DE VILLE 1ER;PLACE DE L HOTEL DE VILLE;75004;PW0122-2;3;Opérationnel;"{""type"": ""Point"", ""coordinates"": [2.352261859070027, 48.85608287395022]}";48.856082874,2.35226185907
HOTEL DE VILLE 4EME;4 PLACE DE L'HOTEL DE VILLE;75004;PW0122-5;6;Opérationnel;"{""type"": ""Point"", ""coordinates"": [2.353171823279209, 48.85686653543352]}";48.8568665354,2.35317182328
HOTEL DE VILLE PARVIS RIVOLI;4 PLACE DE L HOTEL DE VILLE;75004;PW0123-1;1;Opérationnel;"{""type"": ""Point"", ""coordinates"": [2.352351724212447, 48.857051850068956]}";48.8570518501,2.35235172421
MAIRIE DU 4 EME;2 PLACE BAUDOYER;75004;PW0132;2;Opérationnel;"{""type"": ""Point"", ""coordinates"": [2.355756901105178, 48.856271607867846]}";48.8562716079,2.35575690111
BIBLIOTHEQUE HISTORIQUE DE LA VILLE DE PARIS (BHVP);24 RUE PAVEE;75004;PW0043;1;Opérationnel;"{""type"": ""Point"", ""coordinates"": [2.361695904390476, 48.857065427924205]}";48.8570654279,2.36169590439
BERGES RIVE DROITE - PONT D ARCOLE;BERGE DE SEINE RIVE DROITE - QUAI DE GESVRES;75004;PW0156;1;Opérationnel;"{""type"": ""Point"", ""coordinates"": [2.350834661285838, 48.8558319847793]}";48.8558319848,2.35083466129
BERGES RIVE DROITE - LES NAUTES;BERGE DE SEINE RIVE DROITE - 5 QUAI DES CELESTINS;75004;PW0150;1;Opérationnel;"{""type"": ""Point"", ""coordinates"": [2.360310974496216, 48.85235333983582]}";48.8523533398,2.3603109745
HOTEL DE VILLE RDC;4 PLACE DE L'HOTEL DE VILLE;75004;PW0122-1;2;Opérationnel;"{""type"": ""Point"", ""coordinates"": [2.35238826700578, 48.85638968298792]}";48.856389683,2.35238826701
BERGES RIVE DROITE - PONT NOTRE DAME;BERGE DE SEINE RIVE DROITE -  QUAI DE GESVRES 2;75004;PW0181;1;Opérationnel;"{""type"": ""Point"", ""coordinates"": [2.3489230003257022, 48.856687570900185]}";48.8566875709,2.34892300033
SQUARE JEAN XXIII - 1;RUE DU CLOITRE NOTRE DAME;75004;;1;Fermé pour travaux;"{""type"": ""Point"", ""coordinates"": [2.350670607814152, 48.85244200134777]}";48.8524420013,2.35067060781
SQUARE DE LA TOUR SAINT JACQUES;88 RUE DE RIVOLI;75004;PW0153;1;Opérationnel;"{""type"": ""Point"", ""coordinates"": [2.349220101454865, 48.85804072427662]}";48.8580407243,2.34922010145
MUSEE VICTOR HUGO;6 PLACE DES VOSGES;75004;;10;En étude;"{""type"": ""Point"", ""coordinates"": [2.366168524762721, 48.85477276860284]}";48.8547727686,2.36616852476
HOTEL DE VILLE  PARVIS  9;9 PLACE DE L HOTEL DE VILLE;75004;PW0119;1;Opérationnel;"{""type"": ""Point"", ""coordinates"": [2.351277612149236, 48.85727328251876]}";48.8572732825,2.35127761215
BIBLIOTHEQUE ARTHUR RIMBAUD;2 PLACE BAUDOYER;75004;PW0132-2;2;Opérationnel;"{""type"": ""Point"", ""coordinates"": [2.3559375242406873, 48.85613837361524]}";48.8561383736,2.35593752424
HOTEL DE VILLE PARVIS SEINE;4 PLACE DE L'HOTEL DE VILLE;75004;PW0123;1;Opérationnel;"{""type"": ""Point"", ""coordinates"": [2.35175507673093, 48.8563193139378]}";48.8563193139,2.35175507673
BIBLIOTHEQUE BUFFON;15 B RUE BUFFON;75005;PW0111;3;Opérationnel;"{""type"": ""Point"", ""coordinates"": [2.361868243596555, 48.842546608019944]}";48.842546608,2.3618682436
CENTRE SPORTIF POLIVEAU;39 B RUE POLIVEAU;75005;PW0090;1;Opérationnel;"{""type"": ""Point"", ""coordinates"": [2.357480751841143, 48.839812146077996]}";48.8398121461,2.35748075184
SQUARE PAUL LANGEVIN;12 RUE DES ECOLES;75005;PW0154;2;Opérationnel;"{""type"": ""Point"", ""coordinates"": [2.34964310762926, 48.848084907658944]}";48.8480849077,2.34964310763
BIBLIOTHEQUE DES LITTERATURES POLICIERES;48-50 RUE DU CARDINAL LEMOINE;75005;PW0138;2;Opérationnel;"{""type"": ""Point"", ""coordinates"": [2.351181030723315, 48.84643022998531]}";48.84643023,2.35118103072
BIBLIOTHEQUE HEURE JOYEUSE;6-12 RUE DES PRETRES ST-SEVERIN;75005;PW0136;2;Opérationnel;"{""type"": ""Point"", ""coordinates"": [2.344948218913558, 48.85190101045929]}";48.8519010105,2.34494821891
MAISON DE LA VIE ASSOCIATIVE ET CITOYENNE QUARTIER LATIN 5;4 RUE DES ARENES;75005;PW0026;2;Opérationnel;"{""type"": ""Point"", ""coordinates"": [2.3542064419028152, 48.845112192168884]}";48.8451121922,2.3542064419
BIBLIOTHEQUE MOHAMMED ARKOUN;74 RUE MOUFFETARD;75005;PW0126;2;Opérationnel;"{""type"": ""Point"", ""coordinates"": [2.349673760661307, 48.84249352852194]}";48.8424935285,2.34967376066
MAIRIE DU 5 EME;21 PLACE DU PANTHEON;75005;PW0021;2;Opérationnel;"{""type"": ""Point"", ""coordinates"": [2.344580878695055, 48.846191708958614]}";48.846191709,2.3445808787
BIBLIOTHEQUE RAINER MARIA RILKE;88 T BOULEVARD DE PORT-ROYAL;75005;PW0115;2;Opérationnel;"{""type"": ""Point"", ""coordinates"": [2.338781673488586, 48.839306988804566]}";48.8393069888,2.33878167349
SQUARE THEODORE MONOD;8 RUE SCIPION;75005;PW0155;1;Opérationnel;"{""type"": ""Point"", ""coordinates"": [2.353777536666723, 48.83839921606968]}";48.8383992161,2.35377753667
JARDIN DES GRANDS EXPLORATEURS;5 RUE MICHELET;75006;PW0208;1;Opérationnel;"{""type"": ""Point"", ""coordinates"": [2.336705703948916, 48.841388566111874]}";48.8413885661,2.33670570395
MAIRIE DU 6 EME;78 RUE BONAPARTE;75006;PW0128;1;Opérationnel;"{""type"": ""Point"", ""coordinates"": [2.332611370193369, 48.85053652689776]}";48.8505365269,2.33261137019
MAISON DES INITIATIVES ETUDIANTES LABO6;76B RUE DE RENNES;75006;PW0146;4;Opérationnel;"{""type"": ""Point"", ""coordinates"": [2.330443623016365, 48.851242609525265]}";48.8512426095,2.33044362302
BIBLIOTHEQUE ANDRE MALRAUX;78 BOULEVARD RASPAIL;75006;PW0118;2;Opérationnel;"{""type"": ""Point"", ""coordinates"": [2.327594336081364, 48.848109737334205]}";48.8481097373,2.32759433608
PARC CHAMPS DE MARS - 1;AVENUE CHARLES RISLER;75007;PW0165;1;Opérationnel;"{""type"": ""Point"", ""coordinates"": [2.293339063475273, 48.85697941031564]}";48.8569794103,2.29333906348
BIBLIOTHEQUE SAINT SIMON;116 RUE DE GRENELLE;75007;PW0022-1;1;Opérationnel;"{""type"": ""Point"", ""coordinates"": [2.320043697435677, 48.85686647665855]}";48.8568664767,2.32004369744
PARC CHAMPS DE MARS - 2;AVENUE CHARLES RISLER;75007;PW0165-1;1;Opérationnel;"{""type"": ""Point"", ""coordinates"": [2.300190630733142, 48.85461012252293]}";48.8546101225,2.30019063073
BERGES RIVE GAUCHE - LA HALLE;PORT DE SOLFERINO;75007;PW0190;3;Opérationnel;"{""type"": ""Point"", ""coordinates"": [2.32506543396433, 48.86114845894017]}";48.8611484589,2.32506543396
BERGES RIVE GAUCHE - EMMARCHEMENT;PORT DE SOLFERINO;75007;PW0207;2;Opérationnel;"{""type"": ""Point"", ""coordinates"": [2.324356570020385, 48.861416641848194]}";48.8614166418,2.32435657002
BIBLIOTHEQUE AMELIE;164 RUE DE GRENELLE;75007;PW0059;1;Opérationnel;"{""type"": ""Point"", ""coordinates"": [2.308989882814166, 48.85806889772535]}";48.8580688977,2.30898988281
MAISON DE LA VIE ASSOCIATIVE ET CITOYENNE 7;93 RUE SAINT DOMINIQUE;75007;PW0027;1;Opérationnel;"{""type"": ""Point"", ""coordinates"": [2.3072264832610783, 48.8595702097367]}";48.8595702097,2.30722648326
MAIRIE DU 7 EME;116 RUE DE GRENELLE;75007;PW0022;1;Opérationnel;"{""type"": ""Point"", ""coordinates"": [2.320043697435677, 48.85686647665855]}";48.8568664767,2.32004369744
BERGES RIVE GAUCHE - JARDIN FLOTTANT;PORT DU GROS CAILLOU;75007;PW0189;3;Opérationnel;"{""type"": ""Point"", ""coordinates"": [2.30452468193794, 48.86296417505912]}";48.8629641751,2.30452468194
ESPLANADE DES INVALIDES;1 RUE PAUL ET JEAN LEROLLE;75007;PW0161;1;Opérationnel;"{""type"": ""Point"", ""coordinates"": [2.312894263966204, 48.85818974233775]}";48.8581897423,2.31289426397
PROMENADE DES CHAMPS ELYSEES - KIOSQUE A MUSIQUE;AVENUE EDWARD TUCK;75008;PW0196;2;Opérationnel;"{""type"": ""Point"", ""coordinates"": [2.317839768979231, 48.86528730587914]}";48.8652873059,2.31783976898
BIBLIOTHEQUE EUROPE;3 RUE DE LISBONNE;75008;PW0124;2;Opérationnel;"{""type"": ""Point"", ""coordinates"": [2.317486478723445, 48.8777513840169]}";48.877751384,2.31748647872
PARC MONCEAU  - ENTREE PARC;1 PLACE DE LA REPUBLIQUE DOMINICAINE;75008;PW0151-1;3;Opérationnel;"{""type"": ""Point"", ""coordinates"": [2.307499076107147, 48.87994077004261]}";48.87994077,2.30749907611
MAISON DE LA VIE ASSOCIATIVE ET CITOYENNE  8;28 RUE LAURE DIEBOLD;75008;PW0047;2;Opérationnel;"{""type"": ""Point"", ""coordinates"": [2.304784825574433, 48.87602928391506]}";48.8760292839,2.30478482557
PARC MONCEAU - ALLEE CONTESSE DE SEGUR;1-3 PLACE DE LA REPUBLIQUE DOMINICAINE;75008;PW0151;4;Opérationnel;"{""type"": ""Point"", ""coordinates"": [2.309839896973783, 48.880262340729686]}";48.8802623407,2.30983989697
GYMNASE BEAUJON;7 ALLEE LOUIS DE FUNES;75008;PW0095;1;Opérationnel;"{""type"": ""Point"", ""coordinates"": [2.304626719021802, 48.87536457154315]}";48.8753645715,2.30462671902
MUSEE CERNUSCHI;7 AVENUE VELASQUEZ;75008;PW0144;17;Opérationnel;"{""type"": ""Point"", ""coordinates"": [2.312523099981508, 48.8794445126079]}";48.8794445126,2.31252309998
MAIRIE DU 8 EME;3 RUE DE LISBONNE;75008;PW0024;1;Opérationnel;"{""type"": ""Point"", ""coordinates"": [2.317486478723445, 48.8777513840169]}";48.877751384,2.31748647872
MAISON DE LA VIE ASSOCIATIVE ET CITOYENNE  9 ANNEXE;35 RUE VICTOR MASSE;75009;PW0038;1;Opérationnel;"{""type"": ""Point"", ""coordinates"": [2.337010883062689, 48.88094098309762]}";48.8809409831,2.33701088306
SQUARE D'ANVERS;PLACE D'ANVERS;75009;PW0184;1;Opérationnel;"{""type"": ""Point"", ""coordinates"": [2.344520519971863, 48.88231742995314]}";48.88231743,2.34452051997
BIBLIOTHEQUE VALEYRE;24 RUE DE ROCHECHOUART;75009;PW0142;2;Opérationnel;"{""type"": ""Point"", ""coordinates"": [2.34502151233773, 48.87796726487002]}";48.8779672649,2.34502151234
SQUARE MONTHOLON;RUE LA FAYETTE;75009;PW0186;1;Opérationnel;"{""type"": ""Point"", ""coordinates"": [2.346405003129445, 48.876901657285096]}";48.8769016573,2.34640500313
MAISON DE LA VIE ASSOCIATIVE ET CITOYENNE  9;54 RUE PIGALLE;75009;PW0037;1;Opérationnel;"{""type"": ""Point"", ""coordinates"": [2.335936611209823, 48.88097813417975]}";48.8809781342,2.33593661121
SQUARE TRINITE D ESTIENNE D ORVES;1 PLACE D ESTIENNES D ORVES;75009;PW0176;1;Opérationnel;"{""type"": ""Point"", ""coordinates"": [2.331798275213253, 48.87659566954102]}";48.8765956695,2.33179827521
BIBLIOTHEQUE DROUOT;11 RUE DROUOT;75009;PW0060;1;Opérationnel;"{""type"": ""Point"", ""coordinates"": [2.340452056446281, 48.87339027391681]}";48.8733902739,2.34045205645
BIBLIOTHEQUE CHAPTAL;26 RUE CHAPTAL;75009;PW0109;2;Opérationnel;"{""type"": ""Point"", ""coordinates"": [2.332345559826885, 48.881111335939714]}";48.8811113359,2.33234555983
MAIRIE DU 9 EME;6 RUE DROUOT;75009;PW0131;1;Opérationnel;"{""type"": ""Point"", ""coordinates"": [2.340480602150851, 48.872591602361176]}";48.8725916024,2.34048060215
MAIRIE DU 10 EME;72 RUE DU FAUBOURG SAINT MARTIN;75010;PW0010;3;Opérationnel;"{""type"": ""Point"", ""coordinates"": [2.357382644948621, 48.87178451190305]}";48.8717845119,2.35738264495
MEDIATHEQUE FRANCOISE SAGAN;8 RUE LEON SCHWARTZENBERG;75010;PW0147;11;Opérationnel;"{""type"": ""Point"", ""coordinates"": [2.353666772968424, 48.87542987081136]}";48.8754298708,2.35366677297
BOURSE DU TRAVAIL;3 RUE DU CHATEAU D EAU;75010;PW0215;3;Opérationnel;"{""type"": ""Point"", ""coordinates"": [2.361997406270607, 48.86910541253627]}";48.8691054125,2.36199740627
JARDIN DES BERGES DU CANAL SAINT MARTIN;150 QUAI DE VALMY;75010;PW0194;1;Opérationnel;"{""type"": ""Point"", ""coordinates"": [2.367206668709812, 48.8801112154069]}";48.8801112154,2.36720666871
CENTRE SPORTIF DE LA GRANGE AUX BELLES;17 RUE BOY ZELENSKI;75010;PW0077;1;Opérationnel;"{""type"": ""Point"", ""coordinates"": [2.368390340217362, 48.877430616544906]}";48.8774306165,2.36839034022
GYMNASE MARIE PARADIS;11 SQUARE ALBAN SATRAGNE;75010;PW0097;1;Opérationnel;"{""type"": ""Point"", ""coordinates"": [2.355248428182183, 48.87545394069122]}";48.8754539407,2.35524842818
SQUARE FREDERIC LEMAITRE;35 QUAI DE JEMMAPES;75010;PW0197;1;Opérationnel;"{""type"": ""Point"", ""coordinates"": [2.367112330251715, 48.878838631646886]}";48.8788386316,2.36711233025
JARDIN VILLEMIN;8 RUE DES RECOLLETS;75010;PW0164;2;Opérationnel;"{""type"": ""Point"", ""coordinates"": [2.361904938537223, 48.874498828303075]}";48.8744988283,2.36190493854
BIBLIOTHEQUE FRANCOIS VILLON;81 BOULEVARD DE LA VILLETTE;75010;PW0116;2;Opérationnel;"{""type"": ""Point"", ""coordinates"": [2.37079691969116, 48.877205434154426]}";48.8772054342,2.37079691969
SQUARE DES RECOLLETS;88 QUAI DE VALMY;75010;PW0210;1;Opérationnel;"{""type"": ""Point"", ""coordinates"": [2.363611617977898, 48.87320402026159]}";48.8732040203,2.36361161798
MAISON DE LA VIE ASSOCIATIVE ET CITOYENNE  10;206 QUAI DE VALMY;75010;PW0028;1;Opérationnel;"{""type"": ""Point"", ""coordinates"": [2.368720066964892, 48.88178411021711]}";48.8817841102,2.36872006696
MAISON DE LA VIE ASSOCIATIVE ET CITOYENNE  11;8 RUE DU GENERAL RENAULT;75011;PW0029;2;Opérationnel;"{""type"": ""Point"", ""coordinates"": [2.378502475675964, 48.861265925542334]}";48.8612659255,2.37850247568
SQUARE JEAN AICARD;5 AVENUE JEAN AICARD;75011;PW0152;1;Opérationnel;"{""type"": ""Point"", ""coordinates"": [2.381272316972541, 48.864908624429034]}";48.8649086244,2.38127231697
SQUARE ORILLON JULES VERNES;19B RUE DE L ORILLON;75011;PW0056;1;Opérationnel;"{""type"": ""Point"", ""coordinates"": [2.375117284276381, 48.86989268070317]}";48.8698926807,2.37511728428
SQUARE MAURICE GARDETTE;2 RUE DU GENERAL BLAISE RUE LACHARRIERE;75011;PW0205;1;Opérationnel;"{""type"": ""Point"", ""coordinates"": [2.379072517053181, 48.86108519335692]}";48.8610851934,2.37907251705
GYMNASE JAPY;2 RUE JAPY;75011;PW0096;1;Opérationnel;"{""type"": ""Point"", ""coordinates"": [2.382453535830383, 48.85587141220044]}";48.8558714122,2.38245353583
PROMENADE RICHARD LENOIR;67 BOULEVARD RICHARD LENOIR;75011;PW0206;1;Opérationnel;"{""type"": ""Point"", ""coordinates"": [2.372221416816595, 48.860512794097644]}";48.8605127941,2.37222141682
CENTRE SPORTIF GEORGES RIGAL;115 BOULEVARD DE CHARONNE;75011;PW0080;1;Opérationnel;"{""type"": ""Point"", ""coordinates"": [2.393868772427969, 48.85660341812767]}";48.8566034181,2.39386877243
CENTRE SPORTIF COUR DES LIONS;9-11 RUE ALPHONSE BAUDIN;75011;PW0076;1;Opérationnel;"{""type"": ""Point"", ""coordinates"": [2.370343866923958, 48.86067412777188]}";48.8606741278,2.37034386692
SQUARE COLBERT;159 RUE DE CHARONNE;75011;PW0160;1;Opérationnel;"{""type"": ""Point"", ""coordinates"": [2.389595542248922, 48.855591936732615]}";48.8555919367,2.38959554225
MAIRIE DU 11 EME;2 PLACE LEON BLUM;75011;PW0011;1;Opérationnel;"{""type"": ""Point"", ""coordinates"": [2.381003400476269, 48.85807993154853]}";48.8580799315,2.38100340048
MEDIATHEQUE VIOLETTE LEDUC;18 RUE FAIDHERBE;75011;PW0049;4;Opérationnel;"{""type"": ""Point"", ""coordinates"": [2.383960070968056, 48.851595552840706]}";48.8515955528,2.38396007097
SQUARE LA PETITE ROQUETTE;4 RUE SERVAN - SQUARE DE LA ROQUETTE;75011;PW0068;1;Opérationnel;"{""type"": ""Point"", ""coordinates"": [2.384187633080559, 48.859124367471004]}";48.8591243675,2.38418763308
SQUARE DES JARDINIERS;2 PASSAGE DUMAS;75011;PW0203;1;Opérationnel;"{""type"": ""Point"", ""coordinates"": [2.390250086858032, 48.85209002148713]}";48.8520900215,2.39025008686
SQUARE BREGUET SABIN;25 BOULEVARD RICHARD LENOIR;75011;PW0177;2;Opérationnel;"{""type"": ""Point"", ""coordinates"": [2.370479661100423, 48.8570974891207]}";48.8570974891,2.3704796611
BIBLIOTHEQUE PARMENTIER;20 AVENUE PARMENTIER;75011;PW0052;1;Opérationnel;"{""type"": ""Point"", ""coordinates"": [2.379034961498105, 48.86009629404829]}";48.860096294,2.3790349615
CENTRE PARIS ANIM'MAURICE RAVEL;6 RUE MAURICE RAVEL;75012;;1;En étude;"{""type"": ""Point"", ""coordinates"": [2.411668356058278, 48.84180392592806]}";48.8418039259,2.41166835606
BIBLIOTHEQUE SAINT ELOI;23 RUE DU COLONEL ROZANOFF;75012;PW0141;2;Opérationnel;"{""type"": ""Point"", ""coordinates"": [2.387110986075708, 48.84552915718272]}";48.8455291572,2.38711098608
PISCINE JEAN BOITEUX;13 RUE ANTOINE JULIEN HENARD;75012;PW0106;1;Opérationnel;"{""type"": ""Point"", ""coordinates"": [2.389397789011499, 48.842147212693675]}";48.8421472127,2.38939778901
BIBLIOTHEQUE HELENE BERR;70 RUE DE PICPUS;75012;PW0051;4;Opérationnel;"{""type"": ""Point"", ""coordinates"": [2.397476889678179, 48.84254112148939]}";48.8425411215,2.39747688968
CENTRE SPORTIF PAUL VALERY;15 RUE DE LA NOUVELLE CALEDONIE;75012;PW0087;1;Opérationnel;"{""type"": ""Point"", ""coordinates"": [2.410429161569746, 48.83800252906541]}";48.8380025291,2.41042916157
PARC DE BERCY (MAISON DU LAC);1 COUR CHAMONARD;75012;PW0058-1;1;Opérationnel;"{""type"": ""Point"", ""coordinates"": [2.384532226240481, 48.83507864071957]}";48.8350786407,2.38453222624
BIBLIOTHEQUE DIDEROT;42 AVENUE DAUMESNIL;75012;PW0135;1;Opérationnel;"{""type"": ""Point"", ""coordinates"": [2.377716139560769, 48.84596671657269]}";48.8459667166,2.37771613956
CENTRE SPORTIF LEON MOTTOT;17 CITE MOYNET;75012;PW0086;1;Opérationnel;"{""type"": ""Point"", ""coordinates"": [2.386629495395026, 48.8438656928756]}";48.8438656929,2.3866294954
CENTRE SPORTIF LEO LAGRANGE;68 BOULEVARD PONIATOWSKI;75012;PW0084;1;Opérationnel;"{""type"": ""Point"", ""coordinates"": [2.399334335935606, 48.8321648675282]}";48.8321648675,2.39933433594
PARC DE BERCY (ORANGERIE);1 COUR CHAMONARD;75012;PW0058-2;2;Opérationnel;"{""type"": ""Point"", ""coordinates"": [2.383252259533802, 48.836091766026286]}";48.836091766,2.38325225953
PARC FLORAL;ROUTE DE LA PYRAMIDE;75012;PW0200;5;Opérationnel;"{""type"": ""Point"", ""coordinates"": [2.439835247184326, 48.840125544936114]}";48.8401255449,2.43983524718
PARC DE BERCY (TERRASSE BERCY);1 COUR CHAMONARD;75012;PW0058-3;2;Opérationnel;"{""type"": ""Point"", ""coordinates"": [2.382350243699965, 48.83681071348854]}";48.8368107135,2.3823502437
MAIRIE DU 12 EME;130 AVENUE DAUMESNIL;75012;PW0012;2;Opérationnel;"{""type"": ""Point"", ""coordinates"": [2.388337487704945, 48.841104078480036]}";48.8411040785,2.3883374877
ESPACE REUILLY;21 RUE ANTOINE JULIEN HENARD;75012;PW0222;3;Opérationnel;"{""type"": ""Point"", ""coordinates"": [2.389633084390788, 48.84251862032188]}";48.8425186203,2.38963308439
GYMNASE REUILLY;11 RUE ANTOINE JULIEN HENARD;75012;PW0099;1;Opérationnel;"{""type"": ""Point"", ""coordinates"": [2.389171441921968, 48.84170547884535]}";48.8417054788,2.38917144192
COULEE VERTE - BASTILLE;38 AVENUE DAUMESNIL;75012;PW0216;1;Opérationnel;"{""type"": ""Point"", ""coordinates"": [2.376419516945574, 48.84718308901555]}";48.847183089,2.37641951695
DIR SYSTEMES INFORMATION ET NUMERIQUE;227 RUE DE BERCY;75012;PW0999;2;Opérationnel;"{""type"": ""Point"", ""coordinates"": [2.369705547091575, 48.846475645558336]}";48.8464756456,2.36970554709
ACTIVITES ARTISANALES ET CREATION DU 12EME;30 RUE DU FAUBOURG SAINT ANTOINE;75012;PW0120;3;Opérationnel;"{""type"": ""Point"", ""coordinates"": [2.371645435064271, 48.852406612488366]}";48.8524066125,2.37164543506
PARC DE BERCY (JARDINAGE);1 COURS SAIT EMILION;75012;PW0058;1;Opérationnel;"{""type"": ""Point"", ""coordinates"": [2.385483176701273, 48.83241898581484]}";48.8324189858,2.3854831767
COULEE VERTE - DAUMESNIL RAMBOUILLET;AVENUE DAUMESNIL - COIN RUE RAMBOUILLET;75012;PW0217;1;Opérationnel;"{""type"": ""Point"", ""coordinates"": [2.381615767605796, 48.84467620670815]}";48.8446762067,2.38161576761
MAISON DE LA VIE ASSOCIATIVE ET CITOYENNE 12;181 AVENUE DAUMESNIL;75012;PW0030;6;Opérationnel;"{""type"": ""Point"", ""coordinates"": [2.392506776531803, 48.84048781257586]}";48.8404878126,2.39250677653
STADE CHARLETY;99 BOULEVARD KELLERMANN;75013;PW0169;6;Opérationnel;"{""type"": ""Point"", ""coordinates"": [2.3467016527330182, 48.819334380975064]}";48.819334381,2.34670165273
CENTRE SPORTIF DUNOIS;70 RUE DUNOIS;75013;PW0079;1;Opérationnel;"{""type"": ""Point"", ""coordinates"": [2.366278587662253, 48.83317032166053]}";48.8331703217,2.36627858766
SQUARE DE LA RAFFINERIE SAY;147 BOULEVARD VINCENT AURIOL;75013;PW0174;1;Opérationnel;"{""type"": ""Point"", ""coordinates"": [2.3620434010445353, 48.83256937742215]}";48.8325693774,2.36204340104
SQUARE GEORGES DUHAMEL;RUE JEAN ANOUILH;75013;PW0171;1;Opérationnel;"{""type"": ""Point"", ""coordinates"": [2.377611889269577, 48.83191582844804]}";48.8319158284,2.37761188927
PERMIS DE CONSTRUIRE - USAGER;6 PLACE LEVI STRAUSS;75013;PW0223;1;Opérationnel;"{""type"": ""Point"", ""coordinates"": [2.37528632402452, 48.830418305303915]}";48.8304183053,2.37528632402
BIBLIOTHEQUE ITALIE;213 BOULEVARD VINCENT AURIOL;75013;PW0114;1;Opérationnel;"{""type"": ""Point"", ""coordinates"": [2.356754476729749, 48.830786809045556]}";48.830786809,2.35675447673
CENTRE SPORTIF GEORGES CARPENTIER - BATIMENT TENNIS;81 BOULEVARD MASSENA;75013;PW0103-2;1;Opérationnel;"{""type"": ""Point"", ""coordinates"": [2.367308749603462, 48.82049066987803]}";48.8204906699,2.3673087496
SQUARE GUSTAVE MESUREUR;105 RUE JEANNE D ARC;75013;PW0178;1;Opérationnel;"{""type"": ""Point"", ""coordinates"": [2.362791895302856, 48.83384615455623]}";48.8338461546,2.3627918953
SQUARE RENE LEGALL;43 RUE CORVISART;75013;PW0069;1;Opérationnel;"{""type"": ""Point"", ""coordinates"": [2.347419766430832, 48.83220679997316]}";48.8322068,2.34741976643
SQUARE HENRI CADIOU;69 BOULEVARD ARAGO;75013;PW0172;2;Opérationnel;"{""type"": ""Point"", ""coordinates"": [2.342222542830242, 48.83464904809935]}";48.8346490481,2.34222254283
STADE CHARLETY;99 BOULEVARD KELLERMANN;75013;PW0169-1;5;Opérationnel;"{""type"": ""Point"", ""coordinates"": [2.345095220326008, 48.81902133591854]}";48.8190213359,2.34509522033
PROMENADE PISCINE JOSEPHINE BAKER;QUAI FRANCOIS MAURIAC;75013;;1;En étude;"{""type"": ""Point"", ""coordinates"": [2.375890851188937, 48.83603031598058]}";48.836030316,2.37589085119
SQUARE HELOISE ET ABELARD - PARIS NATURE MAISON DES 5 SENS;22 RUE PIERRE GOURDAULT;75013;PW0066;1;Opérationnel;"{""type"": ""Point"", ""coordinates"": [2.370106953637173, 48.83091904359557]}";48.8309190436,2.37010695364
BIBLIOTHEQUE MELVILLE ET MARGUERITE DURAND;79 RUE NATIONALE;75013;PW0221;3;Opérationnel;"{""type"": ""Point"", ""coordinates"": [2.366439911836686, 48.8267869710745]}";48.8267869711,2.36643991184
PARC DE CHOISY;160 AVENUE DE CHOISY;75013;PW0062;2;Opérationnel;"{""type"": ""Point"", ""coordinates"": [2.35959561394622, 48.82775099396245]}";48.827750994,2.35959561395
MAIRIE DU 13 EME;1 PLACE D ITALIE;75013;PW0013;2;Opérationnel;"{""type"": ""Point"", ""coordinates"": [2.355313349237969, 48.83231441086375]}";48.8323144109,2.35531334924
SQUARE JEAN CLAUDE NICOLAS FORESTIER;79 BOULEVARD KELLERMANN;75013;PW0179;2;Opérationnel;"{""type"": ""Point"", ""coordinates"": [2.347754755107914, 48.81983056005852]}";48.8198305601,2.34775475511
PREFOURRIERE CHARLETY;8 RUE THOMIRE;75013;PW0224;1;Opérationnel;"{""type"": ""Point"", ""coordinates"": [2.348381648711728, 48.81939645595856]}";48.819396456,2.34838164871
FOURRIERE CHEVALERET;5 SQUARE DUNOIS;75013;PW0225;1;Opérationnel;"{""type"": ""Point"", ""coordinates"": [2.366942112192091, 48.833753192432994]}";48.8337531924,2.36694211219
PARC DE CHOISY;160 AVENUE DE CHOISY;75013;PW0157;2;Opérationnel;"{""type"": ""Point"", ""coordinates"": [2.358626737402552, 48.828185823069624]}";48.8281858231,2.3586267374
SQUARE PAUL GRIMAULT;20 RUE DE LA FONTAINE A MULARD;75013;PW0180;1;Opérationnel;"{""type"": ""Point"", ""coordinates"": [2.348775124598702, 48.823043579724974]}";48.8230435797,2.3487751246
MAISON DE LA VIE ASSOCIATIVE ET CITOYENNE  13;11 RUE CAILLAUX;75013;PW0039;1;Opérationnel;"{""type"": ""Point"", ""coordinates"": [2.361318112511234, 48.822633345220225]}";48.8226333452,2.36131811251
CENTRE SPORTIF CHARLES MOUREU;17 AVENUE EDISON;75013;PW0074;1;Opérationnel;"{""type"": ""Point"", ""coordinates"": [2.364134661375058, 48.82780123635454]}";48.8278012364,2.36413466138
CENTRE SPORTIF GEORGES CARPENTIER;81 BOULEVARD MASSENA;75013;PW0103;3;Opérationnel;"{""type"": ""Point"", ""coordinates"": [2.368125151306785, 48.820237188844665]}";48.8202371888,2.36812515131
CENTRE SPORTIF GEORGES CARPENTIER - BUREAU;81 BOULEVARD MASSENA (BUREAU CENTRE SPORTIF);75013;PW0103-1;2;Opérationnel;"{""type"": ""Point"", ""coordinates"": [2.368446174308278, 48.82090327022334]}";48.8209032702,2.36844617431
BIBLIOTHEQUE GLACIERE MARINA TSVETAÏEVA;132 RUE DE LA GLACIERE;75013;PW0125;2;Opérationnel;"{""type"": ""Point"", ""coordinates"": [2.341993716984507, 48.827318054189206]}";48.8273180542,2.34199371698
SQUARE JULIA BARTET;1 RUE JULIA BARTET;75014;PW0183;1;Opérationnel;"{""type"": ""Point"", ""coordinates"": [2.302824808848507, 48.82568550112752]}";48.8256855011,2.30282480885
PARC MONTSOURIS - STATION RER;BOULEVARD JOURDAN;75014;PW0214;1;Opérationnel;"{""type"": ""Point"", ""coordinates"": [2.329491797866467, 48.822331067614996]}";48.8223310676,2.32949179787
PARC MONTSOURIS - GARDE COTY;2 RUE GAZAN;75014;PW0212;1;Opérationnel;"{""type"": ""Point"", ""coordinates"": [2.339872367385461, 48.82451919846646]}";48.8245191985,2.33987236739
BIBLIOTHEQUE AIME CESAIRE;5 RUE DE RIDDER;75014;PW0053;2;Opérationnel;"{""type"": ""Point"", ""coordinates"": [2.311662332111938, 48.83123124818045]}";48.8312312482,2.31166233211
MAISON DE LA VIE ASSOCIATIVE ET CITOYENNE  14;22 RUE DEPARCIEUX;75014;PW0040;2;Opérationnel;"{""type"": ""Point"", ""coordinates"": [2.325821393195146, 48.8355916799591]}";48.83559168,2.3258213932
MAIRIE DU 14 EME;2 PLACE FERDINAND BRUNOT;75014;PW0035;1;Opérationnel;"{""type"": ""Point"", ""coordinates"": [2.326854356949057, 48.83299727958771]}";48.8329972796,2.32685435695
SQUARE CLAUDE NICOLAS LEDOUX;2 PLACE DENFERT ROCHEREAU;75014;PW0199;2;Opérationnel;"{""type"": ""Point"", ""coordinates"": [2.332128518332322, 48.83423188051034]}";48.8342318805,2.33212851833
SQUARE DU CHANOINE VIOLLET;72 RUE DU MOULIN VERT;75014;PW0185;1;Opérationnel;"{""type"": ""Point"", ""coordinates"": [2.320096490259549, 48.83129620230284]}";48.8312962023,2.32009649026
SQUARE SERMENT DE KOUFRA;30 AVENUE ERNEST REYER;75014;PW0188;1;Opérationnel;"{""type"": ""Point"", ""coordinates"": [2.323034982175868, 48.82159345390936]}";48.8215934539,2.32303498218
BIBLIOTHEQUE BENOITE GROULT;25 RUE DU COMMANDANT RENE MOUCHOTTE;75014;PW0218;1;Opérationnel;"{""type"": ""Point"", ""coordinates"": [2.319875105283682, 48.838280307264014]}";48.8382803073,2.31987510528
SQUARE ASPIRANT DUNAND;RUE MOUTON DUVERNET;75014;PW0063;1;Opérationnel;"{""type"": ""Point"", ""coordinates"": [2.326884536863806, 48.832155230735985]}";48.8321552307,2.32688453686
BIBLIOTHEQUE BRASSENS;38 RUE GASSENDI;75014;PW0054;2;Opérationnel;"{""type"": ""Point"", ""coordinates"": [2.325855977890741, 48.8337666096961]}";48.8337666097,2.32585597789
SQUARE FERDINAND BRUNOT;PLACE FERDINAND BRUNOT;75014;PW0065;1;Opérationnel;"{""type"": ""Point"", ""coordinates"": [2.326767226137216, 48.832851160952806]}";48.832851161,2.32676722614
MUSEE DE LA LIBERATION;4 AVENUE DU COLONEL ROL TANGUY PAVILLON OUEST;75014;PW0201;5;Opérationnel;"{""type"": ""Point"", ""coordinates"": [2.332014460030507, 48.833990634788535]}";48.8339906348,2.33201446003
GYMNASE ALICE MILLIAT;11 T RUE D ALESIA;75014;PW0094;1;Opérationnel;"{""type"": ""Point"", ""coordinates"": [2.336263839006833, 48.82716090943828]}";48.8271609094,2.33626383901
PARC MONTSOURIS - GARDE GAZAN;2 RUE GAZAN;75014;PW0213;1;Opérationnel;"{""type"": ""Point"", ""coordinates"": [2.3398255642883, 48.82436764489121]}";48.8243676449,2.33982556429
POINT PARIS EMPLOI;12 RUE PIERRE CASTAGNOU;75014;PW0195;1;Opérationnel;"{""type"": ""Point"", ""coordinates"": [2.325814319838129, 48.83252306871407]}";48.8325230687,2.32581431984
BIBLIOTHEQUE MARGUERITE YOURCENAR;41 RUE D ALLERAY;75015;PW0046;5;Opérationnel;"{""type"": ""Point"", ""coordinates"": [2.303480802178814, 48.8368069210248]}";48.836806921,2.30348080218
CENTRE SPORTIF SUZANNE LENGLEN - ENTREE;2 RUE LOUIS ARMAND;75015;PW0173-1;1;Opérationnel;"{""type"": ""Point"", ""coordinates"": [2.276576357106314, 48.83307064322777]}";48.8330706432,2.27657635711
BIBLIOTHEQUE GUTENBERG;8 RUE DE LA MONTAGNE D AULAS;75015;PW0145;1;Opérationnel;"{""type"": ""Point"", ""coordinates"": [2.278706424214254, 48.84020760641956]}";48.8402076064,2.27870642421
CENTRE SPORTIF PLAINE;13 RUE DU GENERAL GUILLAUMAT;75015;PW0088;1;Opérationnel;"{""type"": ""Point"", ""coordinates"": [2.293327610769408, 48.828033174092695]}";48.8280331741,2.29332761077
PREFOURRIERE BALARD;1 RUE EMILE HEMINGWAY;75015;PW0228;1;Opérationnel;"{""type"": ""Point"", ""coordinates"": [2.275176007155638, 48.83759553433298]}";48.8375955343,2.27517600716
BIBLIOTHEQUE VAUGIRARD;154 RUE LECOURBE;75015;PW0137;2;Opérationnel;"{""type"": ""Point"", ""coordinates"": [2.299350321997607, 48.84170750668819]}";48.8417075067,2.299350322
MAIRIE DU 15 EME;31 RUE DE PECLET;75015;PW0014;2;Opérationnel;"{""type"": ""Point"", ""coordinates"": [2.299884387584236, 48.841515749400145]}";48.8415157494,2.29988438758
MAISON DE LA VIE ASSOCIATIVE ET CITOYENNE 15;22 RUE DE LA SAIDA;75015;PW0031;2;Opérationnel;"{""type"": ""Point"", ""coordinates"": [2.295756095762723, 48.83183217258378]}";48.8318321726,2.29575609576
ESPACE PARISIEN POUR L INSERTION 7 15 16;14 RUE MOISANT;75015;PW0162;1;Opérationnel;"{""type"": ""Point"", ""coordinates"": [2.317205761596205, 48.842310116893366]}";48.8423101169,2.3172057616
BIBLIOTHEQUE ANDRÉE CHEDID;36-40 RUE EMERIAU;75015;PW0117;3;Opérationnel;"{""type"": ""Point"", ""coordinates"": [2.286136743745502, 48.84974131047438]}";48.8497413105,2.28613674375
CENTRE SPORTIF SUZANNE LENGLEN - STADE DE RUDBY;2  RUE LOUIS ARMAND;75015;PW0173-2;1;Opérationnel;"{""type"": ""Point"", ""coordinates"": [2.276606159443164, 48.832881073674926]}";48.8328810737,2.27660615944
CENTRE SPORTIF CHARLES RIGOULOT;18 AVENUE DE LA PORTE BRANCION;75015;PW0075;1;Opérationnel;"{""type"": ""Point"", ""coordinates"": [2.300417465508702, 48.82663359274811]}";48.8266335927,2.30041746551
CENTRE SPORTIF SUZANNE LENGLEN - TRIBUNE COUR DE TENNIS;2 RUE LOUIS ARMAND;75015;PW0173;1;Opérationnel;"{""type"": ""Point"", ""coordinates"": [2.276832789549165, 48.832964670678884]}";48.8329646707,2.27683278955
JARDIN DU TROCADERO;1 PLACE DU ONZE NOVEMBRE 1918;75016;PW0175;1;Opérationnel;"{""type"": ""Point"", ""coordinates"": [2.289349944365957, 48.8609372146897]}";48.8609372147,2.28934994437
JARDIN MUSEE GALLIERA;10 AVENUE PIERRE IER DE SERBIE;75016;;1;Fermé pour travaux;"{""type"": ""Point"", ""coordinates"": [2.297298857641214, 48.86565971283047]}";48.8656597128,2.29729885764
BIBLIOTHEQUE GERMAINE TILLION;6 RUE DU COMMANDANT SCHLOESING;75016;PW0113;2;Opérationnel;"{""type"": ""Point"", ""coordinates"": [2.284270791218422, 48.8618363825724]}";48.8618363826,2.28427079122
MUSEE D ART MODERNE;11 AVENUE DU PRESIDENT WILSON;75016;PW0211;11;Opérationnel;"{""type"": ""Point"", ""coordinates"": [2.296997336665013, 48.864710182344766]}";48.8647101823,2.29699733667
STADE PIERRE DE COUBERTIN;82 AVENUE GEORGES LAFONT;75016;PW0108;4;Opérationnel;"{""type"": ""Point"", ""coordinates"": [2.255760693346943, 48.83549894578003]}";48.8354989458,2.25576069335
CENTRE SPORTIF HENRY DE MONTHERLAND;30-32 BOULEVARD LANNES;75016;PW0101;1;Opérationnel;"{""type"": ""Point"", ""coordinates"": [2.27212085380691, 48.86752280679387]}";48.8675228068,2.27212085381
MAIRIE DU 16 EME;71 AVENUE HENRI-MARTIN;75016;PW0015;1;Opérationnel;"{""type"": ""Point"", ""coordinates"": [2.276652521898563, 48.86394077019892]}";48.8639407702,2.2766525219
MUSEE GALLIERA;10 AVENUE PIERRE 1ER DE SERBIE;75016;PW0229;16;Opérationnel;"{""type"": ""Point"", ""coordinates"": [2.296493860761188, 48.86591178656071]}";48.8659117866,2.29649386076
PISCINE AUTEUIL;1 ROUTE DES LACS A PASSY;75016;PW0102;1;Opérationnel;"{""type"": ""Point"", ""coordinates"": [2.261567482309456, 48.85815259404039]}";48.858152594,2.26156748231
PREFOURRIERE FOCH;8 AVENUE FOCH;75016;PW0230;1;Opérationnel;"{""type"": ""Point"", ""coordinates"": [2.291739344849886, 48.873812495377]}";48.8738124954,2.29173934485
MAISON DE LA VIE ASSOCIATIVE ET CITOYENNE 16;14-16 AVENUE RENE BOYLESVE;75016;PW0041;2;Opérationnel;"{""type"": ""Point"", ""coordinates"": [2.283836733756715, 48.856750474464604]}";48.8567504745,2.28383673376
BIBLIOTHEQUE MUSSET;20 RUE MUSSET;75016;PW0140;1;Opérationnel;"{""type"": ""Point"", ""coordinates"": [2.263539698646935, 48.84208223736807]}";48.8420822374,2.26353969865
MUSEE BALZAC;47 RUE RAYNOUARD;75016;PW0202;10;Opérationnel;"{""type"": ""Point"", ""coordinates"": [2.280717716603592, 48.855393597560735]}";48.8553935976,2.2807177166
BIBLIOTHEQUE EDMOND ROSTAND;11 RUE NICOLAS CHUQUET;75017;PW0104;2;Opérationnel;"{""type"": ""Point"", ""coordinates"": [2.303089705679941, 48.888394359209]}";48.8883943592,2.30308970568
BIBLIOTHEQUE BATIGNOLLES;18 RUE DES BATIGNOLLES;75017;PW0133;1;Opérationnel;"{""type"": ""Point"", ""coordinates"": [2.322120945442446, 48.88475451404929]}";48.884754514,2.32212094544
CENTRE SPORTIF LEON BIANCOTTO;6 AVENUE DE LA PORTE DE CLICHY;75017;PW0098;1;Opérationnel;"{""type"": ""Point"", ""coordinates"": [2.311830475367834, 48.895768234519906]}";48.8957682345,2.31183047537
MAIRIE DU 17 EME;16/20 RUE DES BATIGNOLLES;75017;PW0016;2;Opérationnel;"{""type"": ""Point"", ""coordinates"": [2.321834360309547, 48.88449376861104]}";48.8844937686,2.32183436031
MAISON DE LA VIE ASSOCIATIVE ET CITOYENNE  17;25 RUE LANTIEZ;75017;PW0042;1;Opérationnel;"{""type"": ""Point"", ""coordinates"": [2.323751423106822, 48.89503066621169]}";48.8950306662,2.32375142311
PISCINE BERNARD LAFAY;79 RUE DE LA JONQUIERE;75017;PW0100;1;Opérationnel;"{""type"": ""Point"", ""coordinates"": [2.318817242332568, 48.89464799028464]}";48.8946479903,2.31881724233
SQUARE ANDRE ULMANN;17 BOULEVARD DE REIMS;75017;PW0166;1;Opérationnel;"{""type"": ""Point"", ""coordinates"": [2.298941389477171, 48.889900397604244]}";48.8899003976,2.29894138948
BIBLIOTHEQUE COLETTE VIVIER;6 RUE FOURNEYRON;75017;PW0003;1;Opérationnel;"{""type"": ""Point"", ""coordinates"": [2.31964337343766, 48.889783335019025]}";48.889783335,2.31964337344
MAISON DE LA VIE ASSOCIATIVE ET CITOYENNE 18;15 PASSAGE RAMEY;75018;PW0032;2;Opérationnel;"{""type"": ""Point"", ""coordinates"": [2.347335497120627, 48.890069083043606]}";48.890069083,2.34733549712
CENTRE SPORTIF POISSONNIERS;2 RUE JEAN COCTEAU;75018;PW0091;1;Opérationnel;"{""type"": ""Point"", ""coordinates"": [2.351991975265798, 48.899685926165404]}";48.8996859262,2.35199197527
ESPACE GLISSE DES FILLETTES;54 BOULEVARD NEY;75018;PW0093;1;Opérationnel;"{""type"": ""Point"", ""coordinates"": [2.363506935109957, 48.89875981393057]}";48.8987598139,2.36350693511
BIBLIOTHEQUE JACQUELINE DE ROMILLY;16-30 AVENUE DE LA PORTE MONTMARTRE;75018;PW0198;2;Opérationnel;"{""type"": ""Point"", ""coordinates"": [2.335873500895438, 48.9003798743325]}";48.9003798743,2.3358735009
BUTTE MONTMARTRE;6 PLACE SAINT-PIERRE;75018;;1;En étude;"{""type"": ""Point"", ""coordinates"": [2.343876274151759, 48.88448273278111]}";48.8844827328,2.34387627415
CENTRE SPORTIF BERTRAND DAUVIN;12 RUE RENE BINET;75018;PW0089;1;Opérationnel;"{""type"": ""Point"", ""coordinates"": [2.3420540980918902, 48.89948663873551]}";48.8994866387,2.34205409809
BIBLIOTHEQUE GOUTTE D OR;2-4 RUE FLEURY;75018;PW0006;3;Opérationnel;"{""type"": ""Point"", ""coordinates"": [2.3541416014207712, 48.88446312981792]}";48.8844631298,2.35414160142
MAIRIE DU 18 EME;1 PLACE JULES JOFFRIN;75018;PW0023;1;Opérationnel;"{""type"": ""Point"", ""coordinates"": [2.3446872129632013, 48.89230355785122]}";48.8923035579,2.34468721296
JARDIN D EOLE - 1;18B RUE DU DEPARTEMENT;75018;PW0170;2;Opérationnel;"{""type"": ""Point"", ""coordinates"": [2.365475797194539, 48.886450569436604]}";48.8864505694,2.36547579719
BIBLIOTHEQUE ROBERT SABATIER;29 RUE HERMEL;75018;;3;Fermé pour travaux;"{""type"": ""Point"", ""coordinates"": [2.344436320114187, 48.89153632102746]}";48.891536321,2.34443632011
JARDIN D EOLE - 2;18B RUE DU DEPARTEMENT;75018;PW0170-1;1;Opérationnel;"{""type"": ""Point"", ""coordinates"": [2.365047829562393, 48.88583365457024]}";48.8858336546,2.36504782956
BIBLIOTHEQUE VACLAV HAVEL;26B RUE PAJOL;75018;PW0009;4;Opérationnel;"{""type"": ""Point"", ""coordinates"": [2.363209973631121, 48.890106154134955]}";48.8901061541,2.36320997363
CENTRE SPORTIF ZAC PAJOL;22T RUE PAJOL;75018;PW0092;1;Opérationnel;"{""type"": ""Point"", ""coordinates"": [2.3630676012052962, 48.88959479724705]}";48.8895947972,2.36306760121
BIBLIOTHEQUE MAURICE GENEVOIX;19 RUE TRISTAN TZARA;75018;PW0007;1;Opérationnel;"{""type"": ""Point"", ""coordinates"": [2.363900713494337, 48.8949645929562]}";48.894964593,2.36390071349
MAISON DE LA VIE ASSOCIATIVE ET CITOYENNE  19;20 RUE EDOUARD PAILLERON;75019;PW0033;1;Opérationnel;"{""type"": ""Point"", ""coordinates"": [2.376545106225318, 48.880406153498086]}";48.8804061535,2.37654510623
BIBLIOTHEQUE PLACE DES FETES;18 RUE JANSSEN;75019;PW0008;3;Opérationnel;"{""type"": ""Point"", ""coordinates"": [2.397637583708677, 48.87936484092137]}";48.8793648409,2.39763758371
CENTRE SPORTIF JULES LADOUMEGUE;37 ROUTE DES PETITS PONTS;75019;PW0083;1;Opérationnel;"{""type"": ""Point"", ""coordinates"": [2.397787506964459, 48.89300517697759]}";48.893005177,2.39778750696
MAIRIE DU 19 EME;5 PLACE ARMAND CARREL;75019;PW0017;1;Opérationnel;"{""type"": ""Point"", ""coordinates"": [2.381917974125571, 48.88279457828256]}";48.8827945783,2.38191797413
PARC DES BUTTES CHAUMONT - VILLETTE;1 RUE BOTZARIS;75019;PW0159;1;Opérationnel;"{""type"": ""Point"", ""coordinates"": [2.388327637394474, 48.879681746818164]}";48.8796817468,2.38832763739
SQUARE DE LA MARSEILLAISE;1B RUE DE LA MARSEILLAISE;75019;PW0064;1;Opérationnel;"{""type"": ""Point"", ""coordinates"": [2.398062243029121, 48.887286841813356]}";48.8872868418,2.39806224303
ARCHIVES DE PARIS;18 BOULEVARD SERURIER;75019;PW0136;1;Opérationnel;"{""type"": ""Point"", ""coordinates"": [2.4058081248559793, 48.87803821682543]}";48.8780382168,2.40580812486
PARC DES BUTTES CHAUMONT - BOLIVAR;1 RUE BOTZARIS;75019;PW0159-1;1;Opérationnel;"{""type"": ""Point"", ""coordinates"": [2.381017420133907, 48.87647305121453]}";48.8764730512,2.38101742013
PREFOURRIERE PANTIN;15 RUE DE LA MARSEILLAISE;75019;PW0231;1;Opérationnel;"{""type"": ""Point"", ""coordinates"": [2.398020912550891, 48.88861651829492]}";48.8886165183,2.39802091255
CENTRE SPORTIF DES LILAS;5 RUE DES LILAS;75019;PW0081;1;Opérationnel;"{""type"": ""Point"", ""coordinates"": [2.395421266947553, 48.87790680084419]}";48.8779068008,2.39542126695
BIBLIOTHEQUE FESSART;6 RUE FESSART;75019;PW0005;1;Opérationnel;"{""type"": ""Point"", ""coordinates"": [2.388184228076371, 48.87626878314261]}";48.8762687831,2.38818422808
PARC DES BUTTES CHAUMONT - CARREL;4 PLACE ARMAND CARREL;75019;PW0182;2;Opérationnel;"{""type"": ""Point"", ""coordinates"": [2.38270542559956, 48.88279406334443]}";48.8827940633,2.3827054256
PARC DES BUTTES CHAUMONT - FESSARD;3 RUE BOTZARIS;75019;PW0159-2;3;Opérationnel;"{""type"": ""Point"", ""coordinates"": [2.381090100033082, 48.8779490325857]}";48.8779490326,2.38109010003
SQUARE CLAUDE BERNARD;176 BOULEVARD MACDONALD;75019;PW0209;1;Opérationnel;"{""type"": ""Point"", ""coordinates"": [2.381583528155401, 48.898295887695575]}";48.8982958877,2.38158352816
BIBLIOTHEQUE CRIMEE;42-44 RUE PETIT;75019;PW0004;1;Opérationnel;"{""type"": ""Point"", ""coordinates"": [2.383050187514214, 48.88488201636432]}";48.8848820164,2.38305018751
BIBLIOTHEQUE BENJAMIN RABIER;141 AVENUE DE FLANDRE;75019;PW0001;2;Opérationnel;"{""type"": ""Point"", ""coordinates"": [2.379122839458274, 48.89276109370963]}";48.8927610937,2.37912283946
BIBLIOTHEQUE CLAUDE LEVI STRAUSS;35-45 AVENUE DE FLANDRE;75019;PW0002;2;Opérationnel;"{""type"": ""Point"", ""coordinates"": [2.371473050466415, 48.88676697087047]}";48.8867669709,2.37147305047
BIBLIOTHEQUE HERGE;2 RUE DU DEPARTEMENT;75019;PW0139;1;Opérationnel;"{""type"": ""Point"", ""coordinates"": [2.367235014082817, 48.885013626409254]}";48.8850136264,2.36723501408
SQUARE MARCEL MOULOUDJI;2 RUE PIERRE REVERDY;75019;PW0167;1;Opérationnel;"{""type"": ""Point"", ""coordinates"": [2.376354191052253, 48.88527540480052]}";48.8852754048,2.37635419105
BASE NAUTIQUE DE LA VILLETTE;41 QUAI DE LA LOIRE;75019;PW0078;1;Opérationnel;"{""type"": ""Point"", ""coordinates"": [2.378891594800032, 48.88752363166016]}";48.8875236317,2.3788915948
PARC DE BELLEVILLE (PARIS NATURE MAISON DE L'AIR);27 RUE PIAT;75020;PW0168;1;Opérationnel;"{""type"": ""Point"", ""coordinates"": [2.384924750509342, 48.87160514880642]}";48.8716051488,2.38492475051
BIBLIOTHEQUE MARGUERITE DURAS;109-115 RUE DE BAGNOLET;75020;PW0045;11;Opérationnel;"{""type"": ""Point"", ""coordinates"": [2.403226998544119, 48.85983876871812]}";48.8598387687,2.40322699854
PARC DE BELLEVILLE - 1;45 RUE DES COURONNES;75020;PW0057;1;Opérationnel;"{""type"": ""Point"", ""coordinates"": [2.384237750061385, 48.870590463867536]}";48.8705904639,2.38423775006
CENTRE SPORTIF PYRENEES;296 RUE DES PYRENEES;75020;PW0072;1;Opérationnel;"{""type"": ""Point"", ""coordinates"": [2.392302500371264, 48.8719533728045]}";48.8719533728,2.39230250037
BIBLIOTHEQUE LOUISE MICHEL;29/35 RUE DES HAIES;75020;PW0130;2;Opérationnel;"{""type"": ""Point"", ""coordinates"": [2.401212788267676, 48.85329554638978]}";48.8532955464,2.40121278827
GYMNASE VIGNOLES EST;83-91 RUE DES HAIES;75020;PW0073;1;Opérationnel;"{""type"": ""Point"", ""coordinates"": [2.403902885604971, 48.85524049982195]}";48.8552404998,2.4039028856
CENTRE SPORTIF LOUIS LUMIERE;30 RUE LOUIS LUMIERE;75020;PW0105;1;Opérationnel;"{""type"": ""Point"", ""coordinates"": [2.411645684536093, 48.85919821308154]}";48.8591982131,2.41164568454
MAISON DE LA VIE ASSOCIATIVE ET CITOYENNE 20;18 RUE RAMUS;75020;PW0187;2;Opérationnel;"{""type"": ""Point"", ""coordinates"": [2.3987890642197662, 48.86270432644075]}";48.8627043264,2.39878906422
BIBLIOTHEQUE SORBIER;17 RUE SORBIER;75020;PW0129;2;Opérationnel;"{""type"": ""Point"", ""coordinates"": [2.392851974569112, 48.86596158237579]}";48.8659615824,2.39285197457
BIBLIOTHEQUE ASSIA DJEBARD;1 RUE REYNALDO HAHN;75020;PW0144;6;Opérationnel;"{""type"": ""Point"", ""coordinates"": [2.412098158335315, 48.84923399718691]}";48.8492339972,2.41209815834
BIBLIOTHEQUE NAGUIB MAHFOUZ;66 RUE DES COURONNES;75020;PW0048;1;Opérationnel;"{""type"": ""Point"", ""coordinates"": [2.385219826057544, 48.870162555019036]}";48.870162555,2.38521982606
BIBLIOTHEQUE OSCAR WILDE;12 RUE DU TELEGRAPHE;75020;PW0061;1;Opérationnel;"{""type"": ""Point"", ""coordinates"": [2.399816293218798, 48.87202610578211]}";48.8720261058,2.39981629322
SQUARE BELLEVILLE;45-47 RUE DES COURONNES;75020;PW0204;1;Opérationnel;"{""type"": ""Point"", ""coordinates"": [2.384806632308035, 48.8703088766318]}";48.8703088766,2.38480663231
GYMNASE PAUL MEURICE;1 RUE PAUL MEURICE;75020;PW0085;1;Opérationnel;"{""type"": ""Point"", ""coordinates"": [2.412137679731794, 48.874026500733024]}";48.8740265007,2.41213767973
CENTRE SPORTIF ALFRED NAKACHE;4/12 RUE DENOYEZ;75020;PW0071;1;Opérationnel;"{""type"": ""Point"", ""coordinates"": [2.378677035345246, 48.8714830647833]}";48.8714830648,2.37867703535
MAIRIE DU 20 EME;6 PLACE GAMBETTA;75020;PW0018;1;Opérationnel;"{""type"": ""Point"", ""coordinates"": [2.3989977002640392, 48.865091139066706]}";48.8650911391,2.39899770026
JARDIN GARE DE CHARONNE;59 BOULEVARD DAVOUT;75020;PW0055;1;Opérationnel;"{""type"": ""Point"", ""coordinates"": [2.4105606441583802, 48.852312152208874]}";48.8523121522,2.41056064416
PREFOURRIERE POUCHET 2;1BIS BOULEVARD DU GENERAL LECLERC CLICHY SUR SEINE;92100;PW0226;1;Opérationnel;"{""type"": ""Point"", ""coordinates"": [2.318364974914637, 48.89969692625086]}";48.8996969263,2.31836497491
FOURRIERE LA COURNEUVE;92 RUE MERMOZ LA COURNEUVE;93120;;1;En étude;"{""type"": ""Point"", ""coordinates"": [2.408745633623746, 48.93254696974426]}";48.9325469697,2.40874563362
FOURRIERE BONNEUIL 2;AVENUE DE BOISSY RN19 BONNEUIL SUR MARNE;94380;;1;En étude;"{""type"": ""Point"", ""coordinates"": [2.497106036967046, 48.76118248172808]}";48.7611824817,2.49710603697
FOURRIERE BONNEUIL;11 RUE DES CHAMPS BONNEUIL SUR MARNE;94380;;1;En étude;"{""type"": ""Point"", ""coordinates"": [2.499478391866005, 48.76286105418927]}";48.7628610542,2.49947839187
